1:11213914-11214823	foxn3	sdk1b
1:11789992-11790944	rx2	ttyh3b
1:11789992-11790944	bhlhe40	ttyh3b
1:11789992-11790944	vax1	ttyh3b
1:11789992-11790944	lmx1a	ttyh3b
1:11789992-11790944	vax2	ttyh3b
1:11789992-11790944	rorab	ttyh3b
1:11789992-11790944	tfec	ttyh3b
1:11789992-11790944	rx1	ttyh3b
1:19338317-19339201	rxraa	rbm47
1:19338317-19339201	rreb1b	rbm47
1:19338317-19339201	six3b	rbm47
1:19338317-19339201	six3a	rbm47
1:19338317-19339201	clocka	rbm47
1:19338317-19339201	mitfa	rbm47
1:19397630-19398566	pax6a	rbm47
1:19397630-19398566	pax6b	rbm47
1:19397630-19398566	six3a	rbm47
1:19397630-19398566	six3b	rbm47
1:2143311-2144201	pax6a	mbnl2
1:2143311-2144201	foxd1	mbnl2
1:2143311-2144201	pax6b	mbnl2
1:2143311-2144201	tfec	mbnl2
1:2143311-2144201	snai1b	mbnl2
1:2143311-2144201	foxn3	mbnl2
1:2143311-2144201	zic2b	mbnl2
1:2143311-2144201	pbx1a	mbnl2
1:2172208-2173118	rorab	mbnl2
1:2172208-2173118	vax2	mbnl2
1:2172208-2173118	esrrga	mbnl2
1:2172208-2173118	snai1b	mbnl2
1:24028836-24029712	vax2	mab21l2
1:24028836-24029712	vax2	lrba
1:24028836-24029712	foxd1	mab21l2
1:24028836-24029712	foxd1	lrba
1:24028836-24029712	vax1	mab21l2
1:24028836-24029712	vax1	lrba
1:24028836-24029712	lmx1a	mab21l2
1:24028836-24029712	lmx1a	lrba
1:24028836-24029712	foxn3	mab21l2
1:24028836-24029712	foxn3	lrba
1:24043605-24044493	vax2	lrba
1:24043605-24044493	vax2	mab21l2
1:24043605-24044493	lmx1a	lrba
1:24043605-24044493	lmx1a	mab21l2
1:24043605-24044493	vax1	lrba
1:24043605-24044493	vax1	mab21l2
1:24043605-24044493	tbx2b	lrba
1:24043605-24044493	tbx2b	mab21l2
1:24043605-24044493	pbx1a	lrba
1:24043605-24044493	pbx1a	mab21l2
1:24043605-24044493	foxd1	lrba
1:24043605-24044493	foxd1	mab21l2
1:24043605-24044493	mitfa	lrba
1:24043605-24044493	mitfa	mab21l2
1:26291902-26292836	vax2	cxxc4
1:26291902-26292836	lmx1a	cxxc4
1:26291902-26292836	vax1	cxxc4
1:26291902-26292836	zic2b	cxxc4
1:27052609-27053481	pbx1a	bnc2
1:29812662-29813580	pbx1a	zic2b
1:29812662-29813580	rorab	zic2b
1:29812662-29813580	bnc2	zic2b
1:29814559-29815467	rx1	zic2b
1:29814559-29815467	rxraa	zic2b
1:29814559-29815467	rx2	zic2b
1:29814559-29815467	vax2	zic2b
1:29814559-29815467	pbx1a	zic2b
1:39391443-39392346	rorab	tenm3
1:39391443-39392346	lmx1a	tenm3
1:39652269-39653215	rx2	tenm3
1:39652269-39653215	rx1	tenm3
1:39652269-39653215	rreb1b	tenm3
1:39652269-39653215	lhx2b	tenm3
1:39652269-39653215	clocka	tenm3
1:42724522-42725461	rx1	lrrtm1
1:42724522-42725461	rx2	lrrtm1
1:42724522-42725461	lhx2b	lrrtm1
1:42724522-42725461	pbx1a	lrrtm1
10:22569837-22570928	tbx2b	efnb3a
10:22569837-22570928	foxd1	efnb3a
11:15630796-15631766	lmx1a	gdf11
11:15630796-15631766	vax1	gdf11
11:15630796-15631766	rx1	gdf11
11:15630796-15631766	pbx1a	gdf11
11:15630796-15631766	rx2	gdf11
11:28370375-28371271	rreb1b	ephb2b
11:28370375-28371271	rorcb	ephb2b
11:28370375-28371271	clocka	ephb2b
11:28903135-28904141	vax1	igsf21a
11:28903135-28904141	lmx1a	igsf21a
11:28903135-28904141	rorab	igsf21a
11:3400764-3401657	rreb1b	acap3b
11:3400764-3401657	osr1	acap3b
11:3400764-3401657	snai1b	acap3b
11:3400764-3401657	clocka	acap3b
11:35762907-35763736	mitfa	bhlhe40
11:35796745-35797268	mitfa	bhlhe40
11:35796745-35797268	pax6b	bhlhe40
11:35796745-35797268	pax6a	bhlhe40
11:35796745-35797268	rorcb	bhlhe40
11:35811270-35812186	foxd1	bhlhe40
11:35811270-35812186	rxraa	bhlhe40
11:35848688-35849581	tbx2b	bhlhe40
11:35848688-35849581	rorcb	bhlhe40
11:35848688-35849581	rorab	bhlhe40
11:35848688-35849581	zic2b	bhlhe40
12:25528029-25528906	pou2f2a	six3b
12:25528029-25528906	foxd1	six3b
12:25544061-25544953	foxn3	six3b
12:25544061-25544953	zic2b	six3b
12:25544061-25544953	mitfa	six3b
12:25600294-25601132	tbx2b	six3b
12:25600294-25601132	rorab	six3b
13:10563011-10563889	snai1b	camkmt
13:10563011-10563889	snai1b	prepl
13:10563011-10563889	tbx2b	camkmt
13:10563011-10563889	tbx2b	prepl
13:10563011-10563889	clocka	camkmt
13:10563011-10563889	clocka	prepl
13:10563011-10563889	bhlhe40	camkmt
13:10563011-10563889	bhlhe40	prepl
13:16827223-16828136	rreb1b	lrmda
13:16827223-16828136	mitfa	lrmda
13:17027874-17028811	rreb1b	lrmda
13:17027874-17028811	tbx2b	lrmda
13:17027874-17028811	mitfa	lrmda
13:17027874-17028811	bnc2	lrmda
13:17027874-17028811	foxd1	lrmda
13:17143922-17144832	rreb1b	lrmda
13:22600327-22601217	snai1b	ldb3a
13:22600327-22601217	snai1b	bmpr1aa
13:22660575-22661384	tbx2b	bmpr1aa
13:32146472-32147232	lmx1a	osr1
13:32146472-32147232	vax1	osr1
13:32146472-32147232	vax2	osr1
13:33865229-33866088	rx2	flrt3
13:33865229-33866088	rx1	flrt3
13:33865229-33866088	rorab	flrt3
13:33888449-33889300	six3a	flrt3
13:33888449-33889300	six3b	flrt3
13:33888449-33889300	bnc2	flrt3
13:41540199-41541095	pax6a	pcdh15a
13:41540199-41541095	vax1	pcdh15a
13:41540199-41541095	rorab	pcdh15a
13:41540199-41541095	bnc2	pcdh15a
13:41540199-41541095	lmx1a	pcdh15a
13:41540199-41541095	pax6b	pcdh15a
13:41540199-41541095	esrrga	pcdh15a
13:41540199-41541095	rxraa	pcdh15a
13:43411045-43411944	foxd1	smoc2
13:43411045-43411944	rorab	smoc2
13:43411045-43411944	rreb1b	smoc2
13:43411045-43411944	zic2b	smoc2
13:43411045-43411944	esrrga	smoc2
13:43416330-43417380	rorcb	smoc2
13:43416330-43417380	rorab	smoc2
13:43416330-43417380	vax1	smoc2
13:43416330-43417380	lmx1a	smoc2
13:43416330-43417380	rx1	smoc2
13:43416330-43417380	pou2f2a	smoc2
13:43416330-43417380	rx2	smoc2
13:43416330-43417380	clocka	smoc2
14:17534661-17535541	zic2b	fgfrl1a
14:17534661-17535541	pax6b	fgfrl1a
14:17534661-17535541	pax6a	fgfrl1a
14:17534661-17535541	lhx2b	fgfrl1a
14:5051124-5052056	vax2	nanos1
14:5051124-5052056	pbx1a	nanos1
15:17586851-17587808	tfec	adamts15b
15:17586851-17587808	tfec	adamts15b
15:17586851-17587808	bnc2	adamts15b
15:17586851-17587808	bnc2	adamts15b
15:22467158-22468062	vax2	arhgef12a
15:22467158-22468062	vax2	oafa
15:22467158-22468062	pax6b	arhgef12a
15:22467158-22468062	pax6b	oafa
15:22467158-22468062	pax6a	arhgef12a
15:22467158-22468062	pax6a	oafa
15:25941712-25942703	vax2	dph1
15:25941712-25942703	vax1	dph1
15:27312180-27313089	tbx2b	tbx2b
15:27312180-27313089	foxd1	tbx2b
15:27363914-27364733	pbx1a	tbx2b
15:27401621-27402368	foxd1	tbx2b
15:27401621-27402368	lmx1a	tbx2b
15:27401621-27402368	vax1	tbx2b
15:27428213-27429097	vax1	tbx2b
15:27428213-27429097	vax2	tbx2b
15:27428213-27429097	lmx1a	tbx2b
15:27428213-27429097	mitfa	tbx2b
15:32933444-32934344	rorab	nbeab
15:32933444-32934344	pbx1a	nbeab
15:4450743-4451668	pax6b	atp1b3b
15:4450743-4451668	pax6b	tfdp2
15:4450743-4451668	pou2f2a	atp1b3b
15:4450743-4451668	pou2f2a	tfdp2
15:4450743-4451668	bhlhe40	atp1b3b
15:4450743-4451668	bhlhe40	tfdp2
15:4450743-4451668	lhx2b	atp1b3b
15:4450743-4451668	lhx2b	tfdp2
15:4450743-4451668	pax6a	atp1b3b
15:4450743-4451668	pax6a	tfdp2
15:4450743-4451668	clocka	atp1b3b
15:4450743-4451668	clocka	tfdp2
15:4450743-4451668	rorab	atp1b3b
15:4450743-4451668	rorab	tfdp2
15:8958332-8959260	rxraa	rhoub
15:8958332-8959260	rreb1b	rhoub
15:8958332-8959260	pbx1a	rhoub
16:12302728-12303626	rorab	ephb6
16:12302728-12303626	vax2	ephb6
16:12357237-12358157	rreb1b	ephb6
16:12357237-12358157	pbx1a	ephb6
16:12526972-12527867	rxraa	ephb6
16:12526972-12527867	clocka	ephb6
16:15479623-15480601	esrrga	has2
16:15479623-15480601	foxn3	has2
16:35165864-35166756	clocka	ptprub
16:35165864-35166756	rxraa	ptprub
16:35165864-35166756	mitfa	ptprub
16:35292899-35293780	rorcb	ptprub
16:35292899-35293780	rx1	ptprub
16:35292899-35293780	rx2	ptprub
16:35292899-35293780	vax2	ptprub
16:51203827-51204755	zic2b	ago1
16:51203827-51204755	lmx1a	ago1
16:51217061-51217955	pax6a	ago1
16:51217061-51217955	pax6b	ago1
16:51217061-51217955	pbx1a	ago1
17:11111867-11113002	lmx1a	dact1
17:11111867-11113002	vax1	dact1
17:11111867-11113002	rorab	dact1
17:11111867-11113002	vax2	dact1
17:11111867-11113002	mitfa	dact1
17:21389220-21390121	lmx1a	vax1
17:21389220-21390121	lmx1a	shtn1
17:21389220-21390121	lmx1a	atp6v1ba
17:21389220-21390121	lmx1a	eno4
17:21389220-21390121	rxraa	vax1
17:21389220-21390121	rxraa	shtn1
17:21389220-21390121	rxraa	atp6v1ba
17:21389220-21390121	rxraa	eno4
17:21389220-21390121	vax1	vax1
17:21389220-21390121	vax1	shtn1
17:21389220-21390121	vax1	atp6v1ba
17:21389220-21390121	vax1	eno4
17:21436246-21437251	esrrga	vax1
17:21436246-21437251	esrrga	atp6v1ba
17:21436246-21437251	esrrga	shtn1
17:21442033-21442941	lhx2b	vax1
17:21442033-21442941	lhx2b	atp6v1ba
17:21442033-21442941	lhx2b	shtn1
17:21442033-21442941	rx2	vax1
17:21442033-21442941	rx2	atp6v1ba
17:21442033-21442941	rx2	shtn1
17:21442033-21442941	tbx2b	vax1
17:21442033-21442941	tbx2b	atp6v1ba
17:21442033-21442941	tbx2b	shtn1
17:21442033-21442941	zic2b	vax1
17:21442033-21442941	zic2b	atp6v1ba
17:21442033-21442941	zic2b	shtn1
17:21442033-21442941	rx1	vax1
17:21442033-21442941	rx1	atp6v1ba
17:21442033-21442941	rx1	shtn1
17:29890789-29891640	pbx1a	esrrga
17:50526045-50526957	bnc2	bmp4
17:50526045-50526957	vax2	bmp4
17:50526045-50526957	tead3a	bmp4
17:50526045-50526957	lhx2b	bmp4
17:50526045-50526957	rorab	bmp4
18:11052122-11053023	lhx2b	tspan9a
18:11052122-11053023	pax6b	tspan9a
18:11052122-11053023	rorab	tspan9a
18:11052122-11053023	pax6a	tspan9a
18:11182426-11183440	zic2b	tspan9a
18:20243224-20243968	rreb1b	tle3a
18:20713696-20714578	osr1	wnt2
18:20713696-20714578	osr1	cftr
18:44218234-44219140	rx1	cdon
18:44218234-44219140	foxn3	cdon
18:44218234-44219140	mitfa	cdon
18:44218234-44219140	foxd1	cdon
18:44218234-44219140	lhx2b	cdon
18:44218234-44219140	rx2	cdon
18:44218234-44219140	pbx1a	cdon
18:9236193-9237100	rorcb	sema3ab
18:9236193-9237100	rorab	sema3ab
18:9236193-9237100	six3a	sema3ab
18:9236193-9237100	six3b	sema3ab
18:9236193-9237100	rreb1b	sema3ab
18:9236193-9237100	clocka	sema3ab
18:9236193-9237100	rorab	sema3ab
18:9273952-9274704	rxraa	sema3ab
18:9273952-9274704	bnc2	sema3ab
18:9273952-9274704	tbx2b	sema3ab
18:9386840-9387752	foxd1	sema3ab
18:9386840-9387752	clocka	sema3ab
18:9386840-9387752	osr1	sema3ab
18:9386840-9387752	foxn3	sema3ab
18:9534247-9535144	pou2f2a	sema3ab
19:31835129-31836047	vax1	zbtb10
19:31835129-31836047	rreb1b	zbtb10
19:31835129-31836047	lmx1a	zbtb10
19:31835129-31836047	clocka	zbtb10
19:31835129-31836047	pou2f2a	zbtb10
19:31839595-31840518	tbx2b	zbtb10
19:31839595-31840518	pax6a	zbtb10
19:31839595-31840518	pax6b	zbtb10
19:31839595-31840518	esrrga	zbtb10
19:34704519-34705429	six3b	elp2
19:34704519-34705429	six3a	elp2
19:34704519-34705429	rorcb	elp2
19:38811866-38812773	lmx1a	adgrb2
19:38811866-38812773	vax1	adgrb2
19:38811866-38812773	rxraa	adgrb2
19:38811866-38812773	foxd1	adgrb2
19:38811866-38812773	rorab	adgrb2
19:38811866-38812773	bnc2	adgrb2
19:38811866-38812773	esrrga	adgrb2
2:18664633-18665828	rorab	pbx1a
2:18664633-18665828	zic2b	pbx1a
2:18769933-18770626	rx1	pbx1a
2:18769933-18770626	vax2	pbx1a
2:18769933-18770626	rx2	pbx1a
2:18769933-18770626	rorab	pbx1a
2:18769933-18770626	pou2f2a	pbx1a
2:18769933-18770626	lmx1a	pbx1a
2:18769933-18770626	pbx1a	pbx1a
2:18769933-18770626	vax1	pbx1a
2:23995885-23996995	mitfa	col15a1b
2:23995885-23996995	rorab	col15a1b
2:23995885-23996995	foxn3	col15a1b
2:23995885-23996995	foxd1	col15a1b
2:23995885-23996995	rxraa	col15a1b
2:33080010-33080916	rx2	rnf220a
2:33080010-33080916	lmx1a	rnf220a
2:33080010-33080916	osr1	rnf220a
2:33080010-33080916	vax1	rnf220a
2:33080010-33080916	vax2	rnf220a
2:33080010-33080916	rx1	rnf220a
2:33097398-33098307	rx1	rnf220a
2:33097398-33098307	vax2	rnf220a
2:33097398-33098307	rreb1b	rnf220a
2:33097398-33098307	rx2	rnf220a
2:33097398-33098307	vax1	rnf220a
2:33097398-33098307	lmx1a	rnf220a
2:33097398-33098307	lhx2b	rnf220a
2:33097398-33098307	tbx2b	rnf220a
2:33160160-33160991	tbx2b	rnf220a
2:33160160-33160991	vax1	rnf220a
2:33160160-33160991	lmx1a	rnf220a
2:40989537-40990415	rx2	hs6st1a
2:40989537-40990415	rx1	hs6st1a
2:55815801-55816594	clocka	rx2
2:55815801-55816594	tbx2b	rx2
2:55817765-55818622	rx2	rx2
2:55817765-55818622	zic2b	rx2
2:55817765-55818622	vax1	rx2
2:55817765-55818622	rx1	rx2
2:55817765-55818622	lmx1a	rx2
2:55817765-55818622	rreb1b	rx2
2:55872069-55872950	vax2	rx2
2:55872069-55872950	lmx1a	rx2
2:55872069-55872950	rorab	rx2
2:55872069-55872950	vax1	rx2
2:55872069-55872950	rx1	rx2
2:55872069-55872950	rx2	rx2
2:7982035-7983005	vax2	ephb3a
2:7982035-7983005	rorab	ephb3a
20:20455847-20456766	foxd1	six6b
20:20530322-20530906	vax1	six6b
20:20530322-20530906	lmx1a	six6b
20:20530322-20530906	rorab	six6b
20:20530322-20530906	rx2	six6b
20:20530322-20530906	rx1	six6b
20:20567601-20568500	foxd1	six6b
20:20567601-20568500	esrrga	six6b
20:20567601-20568500	rorab	six6b
20:20578770-20579648	vax2	six6b
20:20578770-20579648	vax1	six6b
20:31352595-31353609	zic2b	usta
20:31352595-31353609	pbx1a	usta
20:31352595-31353609	rorcb	usta
20:31453180-31454101	foxd1	usta
20:33926987-33928086	vax1	lmx1a
20:33926987-33928086	vax2	lmx1a
20:33926987-33928086	lhx2b	lmx1a
20:33926987-33928086	rorab	lmx1a
20:33926987-33928086	lmx1a	lmx1a
20:33926987-33928086	rorcb	lmx1a
20:33926987-33928086	rx1	lmx1a
20:33926987-33928086	rx2	lmx1a
20:33936190-33937054	esrrga	lmx1a
20:33936190-33937054	mitfa	lmx1a
20:44841655-44842551	lmx1a	klhl29
20:44841655-44842551	vax1	klhl29
20:44841655-44842551	vax2	klhl29
20:44841655-44842551	zic2b	klhl29
20:5190539-5191441	lmx1a	ccdc85cb
20:5190539-5191441	vax1	ccdc85cb
20:5190539-5191441	zic2b	ccdc85cb
20:5190539-5191441	tbx2b	ccdc85cb
20:5190539-5191441	rreb1b	ccdc85cb
20:5190539-5191441	vax2	ccdc85cb
20:5568897-5569787	rorab	nrxn3b
20:5568897-5569787	mitfa	nrxn3b
20:5568897-5569787	foxn3	nrxn3b
20:5568897-5569787	foxd1	nrxn3b
20:5568897-5569787	vax2	nrxn3b
20:5568897-5569787	pou2f2a	nrxn3b
20:5568897-5569787	six3a	nrxn3b
20:5568897-5569787	vax1	nrxn3b
20:5568897-5569787	rorcb	nrxn3b
20:5568897-5569787	six3b	nrxn3b
21:20506542-20507463	pbx1a	efna5a
21:20506542-20507463	rreb1b	efna5a
21:20528671-20529584	foxd1	efna5a
22:38842158-38842657	esrrga	anos1b
22:38842158-38842657	rorab	anos1b
22:38842158-38842657	pou2f2a	anos1b
22:4992797-4993707	pou2f2a	rx1
22:4992797-4993707	rorab	rx1
22:5003963-5004882	esrrga	rx1
22:5003963-5004882	clocka	rx1
22:5003963-5004882	pou2f2a	rx1
22:5003963-5004882	pax6a	rx1
22:5003963-5004882	rorab	rx1
22:5003963-5004882	bnc2	rx1
22:5003963-5004882	pax6b	rx1
22:5003963-5004882	rorcb	rx1
22:5003963-5004882	tbx2b	rx1
22:5003963-5004882	rorab	rx1
22:5006403-5007304	rreb1b	rx1
22:5006403-5007304	pou2f2a	rx1
22:5006403-5007304	osr1	rx1
22:5006403-5007304	tfec	rx1
22:5006403-5007304	rorab	rx1
22:5006403-5007304	rorcb	rx1
22:5019410-5020237	pou2f2a	rx1
22:5019410-5020237	rorab	rx1
22:5019410-5020237	vax2	rx1
22:5025481-5026381	lmx1a	rx1
22:5025481-5026381	pbx1a	rx1
22:5025481-5026381	osr1	rx1
22:5025481-5026381	vax2	rx1
22:5025481-5026381	vax1	rx1
22:5025481-5026381	rxraa	rx1
22:5025481-5026381	rorab	rx1
23:21827846-21828754	rorab	ephb2a
23:21827846-21828754	clocka	ephb2a
23:21827846-21828754	rorab	ephb2a
23:21827846-21828754	snai1b	ephb2a
23:21827846-21828754	foxd1	ephb2a
23:21951029-21952029	bnc2	ephb2a
23:21951029-21952029	vax2	ephb2a
23:21951029-21952029	rreb1b	ephb2a
23:21951029-21952029	lhx2b	ephb2a
23:21951029-21952029	rx1	ephb2a
23:21951029-21952029	rx2	ephb2a
23:21951029-21952029	lmx1a	ephb2a
23:21951029-21952029	vax1	ephb2a
23:21951029-21952029	pax6b	ephb2a
23:21951029-21952029	pax6a	ephb2a
23:23115485-23116246	esrrga	noc2l
23:23115485-23116246	snai1b	noc2l
23:24704795-24705694	vax2	c1qtnf12
23:24704795-24705694	rorab	c1qtnf12
23:24704795-24705694	vax1	c1qtnf12
23:24704795-24705694	lmx1a	c1qtnf12
23:2474242-2475149	pou2f2a	snai1b
23:2474242-2475149	snai1b	snai1b
23:25730111-25731005	pax6b	rbms2b
23:25730111-25731005	vax2	rbms2b
23:25730111-25731005	foxd1	rbms2b
23:25730111-25731005	pax6a	rbms2b
23:25730111-25731005	foxn3	rbms2b
23:40384998-40385867	bnc2	elovl4b
23:41181829-41182942	pax6a	nhsa
23:41181829-41182942	tfec	nhsa
23:41181829-41182942	pax6b	nhsa
23:6417357-6418249	rxraa	bmp7b
23:6417357-6418249	rreb1b	bmp7b
24:18655054-18655969	rxraa	relch
24:21357144-21358070	rx2	shisa2b
24:21357144-21358070	rorab	shisa2b
24:21357144-21358070	mitfa	shisa2b
24:21357144-21358070	esrrga	shisa2b
24:21357144-21358070	rx1	shisa2b
24:38042151-38043077	rorab	metrn
24:38042151-38043077	rreb1b	metrn
24:38042151-38043077	rorab	metrn
24:38042151-38043077	pou2f2a	metrn
24:38042151-38043077	esrrga	metrn
24:38042151-38043077	tfec	metrn
24:38042151-38043077	bhlhe40	metrn
25:14972489-14973553	zic2b	pax6a
25:14972489-14973553	bnc2	pax6a
25:15124855-15125783	esrrga	pax6a
25:15124855-15125783	lhx2b	pax6a
25:15124855-15125783	rxraa	pax6a
25:15124855-15125783	rorab	pax6a
25:15877006-15877913	rx2	syt9b
25:15877006-15877913	rx1	syt9b
25:15877006-15877913	esrrga	syt9b
25:15877006-15877913	six3b	syt9b
25:15877006-15877913	pbx1a	syt9b
25:15877006-15877913	rorab	syt9b
25:15877006-15877913	six3a	syt9b
25:18187131-18188003	vax1	kitlga
25:18187131-18188003	rx1	kitlga
25:18187131-18188003	rx2	kitlga
25:18187131-18188003	clocka	kitlga
25:18187131-18188003	lmx1a	kitlga
25:18187131-18188003	vax2	kitlga
25:22562459-22563357	lmx1a	stra6
25:22562459-22563357	pbx1a	stra6
25:22562459-22563357	esrrga	stra6
25:34575441-34576341	pou2f2a	klf13
25:34575441-34576341	pou2f2a	trpm1b
3:39639106-39640087	lhx2b	grapa
3:39639106-39640087	lmx1a	grapa
3:39639106-39640087	esrrga	grapa
3:39639106-39640087	vax1	grapa
4:20789245-20790103	zic2b	nav3
4:20789245-20790103	rxraa	nav3
4:21293960-21294867	pou2f2a	syt1a
4:5585245-5586143	rxraa	vegfab
4:6011317-6012228	bnc2	tfec
4:6011317-6012228	lhx2b	tfec
4:6011317-6012228	lmx1a	tfec
4:6011317-6012228	vax1	tfec
4:6011317-6012228	pou2f2a	tfec
4:6011317-6012228	rx1	tfec
4:6011317-6012228	rx2	tfec
4:6016311-6017207	foxn3	tfec
4:6016311-6017207	rorab	tfec
4:6016311-6017207	tfec	tfec
4:6016311-6017207	bhlhe40	tfec
4:6016311-6017207	zic2b	tfec
4:6016311-6017207	bnc2	tfec
4:6032239-6032965	vax2	tfec
4:6032239-6032965	lmx1a	tfec
4:6032239-6032965	rorab	tfec
4:6032239-6032965	vax1	tfec
4:6035652-6036657	pbx1a	tfec
4:6035652-6036657	rx1	tfec
4:6035652-6036657	rxraa	tfec
4:6035652-6036657	rx2	tfec
4:6035652-6036657	lhx2b	tfec
5:17702640-17703595	lmx1a	fbrsl1
5:17702640-17703595	pbx1a	fbrsl1
5:17702640-17703595	vax1	fbrsl1
5:17702640-17703595	zic2b	fbrsl1
5:17702640-17703595	vax2	fbrsl1
5:23170478-23171450	vax2	prps1a
5:23170478-23171450	vax1	prps1a
5:23170478-23171450	lmx1a	prps1a
5:23170478-23171450	rreb1b	prps1a
5:32963235-32964272	foxd1	lmo4a
5:32963235-32964272	vax1	lmo4a
5:32963235-32964272	pou2f2a	lmo4a
5:32963235-32964272	tead3a	lmo4a
5:32963235-32964272	vax2	lmo4a
5:32963235-32964272	lmx1a	lmo4a
5:32963235-32964272	zic2b	lmo4a
5:32963235-32964272	rorab	lmo4a
5:32969867-32970769	rorab	lmo4a
5:32969867-32970769	vax2	lmo4a
5:32969867-32970769	esrrga	lmo4a
5:32969867-32970769	lhx2b	lmo4a
5:34997338-34998226	mitfa	foxd1
5:35024876-35026014	rxraa	foxd1
5:35024876-35026014	rxraa	fcho2
5:35024876-35026014	lhx2b	foxd1
5:35024876-35026014	lhx2b	fcho2
5:35138904-35139817	foxd1	fcho2
5:35138904-35139817	lhx2b	fcho2
5:35138904-35139817	rx1	fcho2
5:35138904-35139817	rx2	fcho2
5:35138904-35139817	lmx1a	fcho2
5:35138904-35139817	rorcb	fcho2
5:35138904-35139817	clocka	fcho2
5:35138904-35139817	vax2	fcho2
5:35138904-35139817	vax1	fcho2
5:35138904-35139817	pbx1a	fcho2
5:35141603-35142498	rorab	fcho2
5:35141603-35142498	bnc2	fcho2
5:35169513-35170458	tbx2b	fcho2
5:35169513-35170458	esrrga	fcho2
5:35169513-35170458	tfec	fcho2
5:35169513-35170458	lhx2b	fcho2
5:35169513-35170458	pou2f2a	fcho2
5:35169513-35170458	foxd1	fcho2
5:64781341-64782263	vax1	olfm1a
5:7655583-7656497	mitfa	bmpr1ba
5:7655583-7656497	snai1b	bmpr1ba
5:7655583-7656497	rxraa	bmpr1ba
6:44328126-44328909	esrrga	pdzrn3b
6:44328126-44328909	lmx1a	pdzrn3b
6:44328126-44328909	vax1	pdzrn3b
6:44328126-44328909	clocka	pdzrn3b
6:44328126-44328909	pbx1a	pdzrn3b
6:44328126-44328909	bnc2	pdzrn3b
6:44328126-44328909	mitfa	pdzrn3b
6:44329533-44330419	zic2b	pdzrn3b
6:44329533-44330419	snai1b	pdzrn3b
6:44329533-44330419	lhx2b	pdzrn3b
6:51126017-51126926	zic2b	ptprt
6:51126017-51126926	zic2b	ptprt
6:51190481-51191375	tbx2b	ptprt
6:51190481-51191375	tbx2b	ptprt
6:51190481-51191375	pax6a	ptprt
6:51190481-51191375	pax6a	ptprt
6:51190481-51191375	pax6b	ptprt
6:51190481-51191375	pax6b	ptprt
6:51281731-51283101	zic2b	ptprt
6:51394246-51395231	pax6a	ptprt
6:51394246-51395231	pax6b	ptprt
6:51394246-51395231	pbx1a	ptprt
7:15796987-15797870	rx2	pax6b
7:15796987-15797870	vax1	pax6b
7:15796987-15797870	rx1	pax6b
7:15796987-15797870	rorab	pax6b
7:15796987-15797870	rorab	pax6b
7:15796987-15797870	lmx1a	pax6b
7:16045317-16046223	lhx2b	immp1l
7:16045317-16046223	rx1	immp1l
7:16045317-16046223	rx2	immp1l
7:16045317-16046223	rreb1b	immp1l
7:16060511-16061413	lmx1a	immp1l
7:16060511-16061413	vax2	immp1l
7:16060511-16061413	vax1	immp1l
7:16060511-16061413	esrrga	immp1l
7:16060511-16061413	klf13	immp1l
7:17084192-17085259	rx1	prmt3
7:17084192-17085259	rx1	nav2a
7:17084192-17085259	pax6b	prmt3
7:17084192-17085259	pax6b	nav2a
7:17084192-17085259	vax1	prmt3
7:17084192-17085259	vax1	nav2a
7:17084192-17085259	rx2	prmt3
7:17084192-17085259	rx2	nav2a
7:17084192-17085259	pbx1a	prmt3
7:17084192-17085259	pbx1a	nav2a
7:17084192-17085259	vax2	prmt3
7:17084192-17085259	vax2	nav2a
7:17084192-17085259	pax6a	prmt3
7:17084192-17085259	pax6a	nav2a
7:17084192-17085259	lmx1a	prmt3
7:17084192-17085259	lmx1a	nav2a
7:18838481-18839399	lmx1a	mllt3
7:18838481-18839399	foxd1	mllt3
7:18838481-18839399	vax1	mllt3
7:18838481-18839399	foxn3	mllt3
7:29570469-29571181	rorab	rorab
7:56873701-56874607	rorab	myo9aa
7:56873701-56874607	bnc2	myo9aa
7:63486026-63486884	pax6b	pcdh7b
7:63486026-63486884	pax6a	pcdh7b
7:63486026-63486884	foxd1	pcdh7b
7:63486026-63486884	lhx2b	pcdh7b
7:8823467-8824373	zic2b	vax2
7:8823467-8824373	mitfa	vax2
7:8823467-8824373	rxraa	vax2
7:8823467-8824373	tbx2b	vax2
7:8823467-8824373	snai1b	vax2
7:9803117-9803973	vax2	aldh1a3
7:9803117-9803973	tbx2b	aldh1a3
7:9803117-9803973	lmx1a	aldh1a3
7:9803117-9803973	rorab	aldh1a3
7:9803117-9803973	vax1	aldh1a3
8:25558398-25559245	bnc2	prex1
8:25558398-25559245	vax1	prex1
8:25558398-25559245	zic2b	prex1
8:25558398-25559245	tbx2b	prex1
8:25558398-25559245	lmx1a	prex1
8:3125134-3126057	pou2f2a	lhx2b
8:3125134-3126057	tead3a	lhx2b
8:3125134-3126057	lhx2b	lhx2b
9:14445790-14446640	rxraa	nrp2b
9:14445790-14446640	rorab	nrp2b
9:14445790-14446640	tbx2b	nrp2b
9:16419523-16420672	snai1b	epha3
9:16419523-16420672	rorab	epha3
9:16419523-16420672	pax6a	epha3
9:16419523-16420672	pax6b	epha3
9:16702798-16703652	rorab	epha3
9:16702798-16703652	foxn3	epha3
9:16702798-16703652	tbx2b	epha3
9:16702798-16703652	pbx1a	epha3
9:16702798-16703652	clocka	epha3
9:16702798-16703652	rreb1b	epha3
9:16702798-16703652	lmx1a	epha3
9:16702798-16703652	bnc2	epha3
9:16702798-16703652	esrrga	epha3
9:16702798-16703652	tead3a	epha3
9:23099825-23100775	tfec	lypd6
9:33394717-33395521	tfec	caska
9:33394717-33395521	bnc2	caska
9:33599663-33600576	pax6a	caska
9:33599663-33600576	pax6b	caska
9:33599663-33600576	clocka	caska
9:43373851-43374649	foxd1	znf385b
9:43373851-43374649	rorcb	znf385b
9:43373851-43374649	clocka	znf385b
9:43373851-43374649	zic2b	znf385b
9:43473553-43474464	bhlhe40	znf385b
9:43473553-43474464	pax6a	znf385b
9:43473553-43474464	pax6b	znf385b
9:43473553-43474464	esrrga	znf385b
9:43473553-43474464	bnc2	znf385b
9:43473553-43474464	rreb1b	znf385b
9:43473553-43474464	rorab	znf385b
9:43473553-43474464	tfec	znf385b
9:43473553-43474464	lhx2b	znf385b
9:43473553-43474464	rxraa	znf385b
9:43473553-43474464	rorab	znf385b
9:46875004-46876005	esrrga	igfbp5b1:26291902-26292836
9:46875004-46876005	rorab	igfbp5b1:26291902-26292836
9:46875004-46876005	clocka	igfbp5b1:26291902-26292836
9:46875004-46876005	rxraa	igfbp5b1:26291902-26292836
9:46875004-46876005	tfec	igfbp5b1:26291902-26292836
9:46875004-46876005	pax6b	igfbp5b1:26291902-26292836
9:46875004-46876005	foxn3	igfbp5b1:26291902-26292836
9:46875004-46876005	foxd1	igfbp5b1:26291902-26292836
9:46875004-46876005	pax6a	igfbp5b1:26291902-26292836
